{
    "prepare_queue": {
        "installed": [],
        "uninstalled": []
    },
    "config_munge": {
        "files": {
            "res/xml/config.xml": {
                "parents": {
                    "/*": [
                        {
                            "xml": "<feature name=\"Device\"><param name=\"android-package\" value=\"org.apache.cordova.device.Device\" /></feature>",
                            "count": 1
                        },
                        {
                            "xml": "<feature name=\"SplashScreen\"><param name=\"android-package\" value=\"org.apache.cordova.splashscreen.SplashScreen\" /><param name=\"onload\" value=\"true\" /></feature>",
                            "count": 1
                        },
                        {
                            "xml": "<feature name=\"StatusBar\"><param name=\"android-package\" value=\"org.apache.cordova.statusbar.StatusBar\" /><param name=\"onload\" value=\"true\" /></feature>",
                            "count": 1
                        },
                        {
                            "xml": "<feature name=\"Whitelist\"><param name=\"android-package\" value=\"org.apache.cordova.whitelist.WhitelistPlugin\" /><param name=\"onload\" value=\"true\" /></feature>",
                            "count": 1
                        },
                        {
                            "xml": "<feature name=\"Keyboard\"><param name=\"android-package\" value=\"io.ionic.keyboard.IonicKeyboard\" /><param name=\"onload\" value=\"true\" /></feature>",
                            "count": 1
                        },
                        {
                            "xml": "<feature name=\"File\"><param name=\"android-package\" value=\"org.apache.cordova.file.FileUtils\" /><param name=\"onload\" value=\"true\" /></feature>",
                            "count": 1
                        },
                        {
                            "xml": "<allow-navigation href=\"cdvfile:*\" />",
                            "count": 1
                        },
                        {
                            "xml": "<feature name=\"FileTransfer\"><param name=\"android-package\" value=\"org.apache.cordova.filetransfer.FileTransfer\" /></feature>",
                            "count": 1
                        },
                        {
                            "xml": "<feature name=\"Notification\"><param name=\"android-package\" value=\"org.apache.cordova.dialogs.Notification\" /></feature>",
                            "count": 1
                        }
                    ],
                    "/widget": [
                        {
                            "xml": "<feature name=\"Zip\"><param name=\"android-package\" value=\"org.apache.cordova.Zip\" /></feature>",
                            "count": 1
                        }
                    ]
                }
            },
            "config.xml": {
                "parents": {
                    "/*": [
                        {
                            "xml": "<feature name=\"CodePush\"><param name=\"android-package\" value=\"com.microsoft.cordova.CodePush\" /><param name=\"onload\" value=\"true\" /></feature>",
                            "count": 1
                        }
                    ]
                }
            },
            "AndroidManifest.xml": {
                "parents": {
                    "/*": [
                        {
                            "xml": "<uses-permission android:name=\"android.permission.WRITE_EXTERNAL_STORAGE\" />",
                            "count": 1
                        }
                    ]
                }
            }
        }
    },
    "installed_plugins": {
        "cordova-plugin-console": {
            "PACKAGE_NAME": "io.cordova.myapp891d9b"
        },
        "cordova-plugin-device": {
            "PACKAGE_NAME": "io.cordova.myapp891d9b"
        },
        "cordova-plugin-splashscreen": {
            "PACKAGE_NAME": "io.cordova.myapp891d9b"
        },
        "cordova-plugin-statusbar": {
            "PACKAGE_NAME": "io.cordova.myapp891d9b"
        },
        "cordova-plugin-whitelist": {
            "PACKAGE_NAME": "io.cordova.myapp891d9b"
        },
        "ionic-plugin-keyboard": {
            "PACKAGE_NAME": "io.cordova.myapp891d9b"
        },
        "cordova-plugin-code-push": {
            "PACKAGE_NAME": "io.cordova.myapp891d9b"
        },
        "code-push": {
            "PACKAGE_NAME": "io.cordova.myapp891d9b"
        },
        "cordova-plugin-compat": {
            "PACKAGE_NAME": "io.cordova.myapp891d9b"
        },
        "cordova-plugin-file": {
            "PACKAGE_NAME": "io.cordova.myapp891d9b"
        },
        "cordova-plugin-file-transfer": {
            "PACKAGE_NAME": "io.cordova.myapp891d9b"
        },
        "cordova-plugin-zip": {
            "PACKAGE_NAME": "io.cordova.myapp891d9b"
        },
        "cordova-plugin-dialogs": {
            "PACKAGE_NAME": "io.cordova.myapp891d9b"
        }
    },
    "dependent_plugins": {},
    "modules": [
        {
            "file": "plugins/cordova-plugin-device/www/device.js",
            "id": "cordova-plugin-device.device",
            "pluginId": "cordova-plugin-device",
            "clobbers": [
                "device"
            ]
        },
        {
            "file": "plugins/cordova-plugin-splashscreen/www/splashscreen.js",
            "id": "cordova-plugin-splashscreen.SplashScreen",
            "pluginId": "cordova-plugin-splashscreen",
            "clobbers": [
                "navigator.splashscreen"
            ]
        },
        {
            "file": "plugins/cordova-plugin-statusbar/www/statusbar.js",
            "id": "cordova-plugin-statusbar.statusbar",
            "pluginId": "cordova-plugin-statusbar",
            "clobbers": [
                "window.StatusBar"
            ]
        },
        {
            "file": "plugins/ionic-plugin-keyboard/www/android/keyboard.js",
            "id": "ionic-plugin-keyboard.keyboard",
            "pluginId": "ionic-plugin-keyboard",
            "clobbers": [
                "cordova.plugins.Keyboard"
            ],
            "runs": true
        },
        {
            "file": "plugins/cordova-plugin-code-push/bin/www/codePush.js",
            "id": "cordova-plugin-code-push.codePush",
            "pluginId": "cordova-plugin-code-push",
            "clobbers": [
                "codePush"
            ]
        },
        {
            "file": "plugins/cordova-plugin-code-push/bin/www/localPackage.js",
            "id": "cordova-plugin-code-push.localPackage",
            "pluginId": "cordova-plugin-code-push",
            "clobbers": [
                "LocalPackage"
            ]
        },
        {
            "file": "plugins/cordova-plugin-code-push/bin/www/remotePackage.js",
            "id": "cordova-plugin-code-push.remotePackage",
            "pluginId": "cordova-plugin-code-push",
            "clobbers": [
                "RemotePackage"
            ]
        },
        {
            "file": "plugins/cordova-plugin-code-push/bin/www/syncStatus.js",
            "id": "cordova-plugin-code-push.syncStatus",
            "pluginId": "cordova-plugin-code-push",
            "clobbers": [
                "SyncStatus"
            ]
        },
        {
            "file": "plugins/cordova-plugin-code-push/bin/www/installMode.js",
            "id": "cordova-plugin-code-push.installMode",
            "pluginId": "cordova-plugin-code-push",
            "clobbers": [
                "InstallMode"
            ]
        },
        {
            "file": "plugins/cordova-plugin-code-push/bin/www/codePushUtil.js",
            "id": "cordova-plugin-code-push.codePushUtil",
            "pluginId": "cordova-plugin-code-push",
            "runs": true
        },
        {
            "file": "plugins/cordova-plugin-code-push/bin/www/fileUtil.js",
            "id": "cordova-plugin-code-push.fileUtil",
            "pluginId": "cordova-plugin-code-push",
            "runs": true
        },
        {
            "file": "plugins/cordova-plugin-code-push/bin/www/httpRequester.js",
            "id": "cordova-plugin-code-push.httpRequester",
            "pluginId": "cordova-plugin-code-push",
            "runs": true
        },
        {
            "file": "plugins/cordova-plugin-code-push/bin/www/nativeAppInfo.js",
            "id": "cordova-plugin-code-push.nativeAppInfo",
            "pluginId": "cordova-plugin-code-push",
            "runs": true
        },
        {
            "file": "plugins/cordova-plugin-code-push/bin/www/package.js",
            "id": "cordova-plugin-code-push.package",
            "pluginId": "cordova-plugin-code-push",
            "runs": true
        },
        {
            "file": "plugins/cordova-plugin-code-push/bin/www/sdk.js",
            "id": "cordova-plugin-code-push.sdk",
            "pluginId": "cordova-plugin-code-push",
            "runs": true
        },
        {
            "file": "plugins/code-push/script/acquisition-sdk.js",
            "id": "code-push.AcquisitionManager",
            "pluginId": "code-push",
            "merges": [
                "window"
            ]
        },
        {
            "file": "plugins/cordova-plugin-file/www/DirectoryEntry.js",
            "id": "cordova-plugin-file.DirectoryEntry",
            "pluginId": "cordova-plugin-file",
            "clobbers": [
                "window.DirectoryEntry"
            ]
        },
        {
            "file": "plugins/cordova-plugin-file/www/DirectoryReader.js",
            "id": "cordova-plugin-file.DirectoryReader",
            "pluginId": "cordova-plugin-file",
            "clobbers": [
                "window.DirectoryReader"
            ]
        },
        {
            "file": "plugins/cordova-plugin-file/www/Entry.js",
            "id": "cordova-plugin-file.Entry",
            "pluginId": "cordova-plugin-file",
            "clobbers": [
                "window.Entry"
            ]
        },
        {
            "file": "plugins/cordova-plugin-file/www/File.js",
            "id": "cordova-plugin-file.File",
            "pluginId": "cordova-plugin-file",
            "clobbers": [
                "window.File"
            ]
        },
        {
            "file": "plugins/cordova-plugin-file/www/FileEntry.js",
            "id": "cordova-plugin-file.FileEntry",
            "pluginId": "cordova-plugin-file",
            "clobbers": [
                "window.FileEntry"
            ]
        },
        {
            "file": "plugins/cordova-plugin-file/www/FileError.js",
            "id": "cordova-plugin-file.FileError",
            "pluginId": "cordova-plugin-file",
            "clobbers": [
                "window.FileError"
            ]
        },
        {
            "file": "plugins/cordova-plugin-file/www/FileReader.js",
            "id": "cordova-plugin-file.FileReader",
            "pluginId": "cordova-plugin-file",
            "clobbers": [
                "window.FileReader"
            ]
        },
        {
            "file": "plugins/cordova-plugin-file/www/FileSystem.js",
            "id": "cordova-plugin-file.FileSystem",
            "pluginId": "cordova-plugin-file",
            "clobbers": [
                "window.FileSystem"
            ]
        },
        {
            "file": "plugins/cordova-plugin-file/www/FileUploadOptions.js",
            "id": "cordova-plugin-file.FileUploadOptions",
            "pluginId": "cordova-plugin-file",
            "clobbers": [
                "window.FileUploadOptions"
            ]
        },
        {
            "file": "plugins/cordova-plugin-file/www/FileUploadResult.js",
            "id": "cordova-plugin-file.FileUploadResult",
            "pluginId": "cordova-plugin-file",
            "clobbers": [
                "window.FileUploadResult"
            ]
        },
        {
            "file": "plugins/cordova-plugin-file/www/FileWriter.js",
            "id": "cordova-plugin-file.FileWriter",
            "pluginId": "cordova-plugin-file",
            "clobbers": [
                "window.FileWriter"
            ]
        },
        {
            "file": "plugins/cordova-plugin-file/www/Flags.js",
            "id": "cordova-plugin-file.Flags",
            "pluginId": "cordova-plugin-file",
            "clobbers": [
                "window.Flags"
            ]
        },
        {
            "file": "plugins/cordova-plugin-file/www/LocalFileSystem.js",
            "id": "cordova-plugin-file.LocalFileSystem",
            "pluginId": "cordova-plugin-file",
            "clobbers": [
                "window.LocalFileSystem"
            ],
            "merges": [
                "window"
            ]
        },
        {
            "file": "plugins/cordova-plugin-file/www/Metadata.js",
            "id": "cordova-plugin-file.Metadata",
            "pluginId": "cordova-plugin-file",
            "clobbers": [
                "window.Metadata"
            ]
        },
        {
            "file": "plugins/cordova-plugin-file/www/ProgressEvent.js",
            "id": "cordova-plugin-file.ProgressEvent",
            "pluginId": "cordova-plugin-file",
            "clobbers": [
                "window.ProgressEvent"
            ]
        },
        {
            "file": "plugins/cordova-plugin-file/www/fileSystems.js",
            "id": "cordova-plugin-file.fileSystems",
            "pluginId": "cordova-plugin-file"
        },
        {
            "file": "plugins/cordova-plugin-file/www/requestFileSystem.js",
            "id": "cordova-plugin-file.requestFileSystem",
            "pluginId": "cordova-plugin-file",
            "clobbers": [
                "window.requestFileSystem"
            ]
        },
        {
            "file": "plugins/cordova-plugin-file/www/resolveLocalFileSystemURI.js",
            "id": "cordova-plugin-file.resolveLocalFileSystemURI",
            "pluginId": "cordova-plugin-file",
            "merges": [
                "window"
            ]
        },
        {
            "file": "plugins/cordova-plugin-file/www/browser/isChrome.js",
            "id": "cordova-plugin-file.isChrome",
            "pluginId": "cordova-plugin-file",
            "runs": true
        },
        {
            "file": "plugins/cordova-plugin-file/www/android/FileSystem.js",
            "id": "cordova-plugin-file.androidFileSystem",
            "pluginId": "cordova-plugin-file",
            "merges": [
                "FileSystem"
            ]
        },
        {
            "file": "plugins/cordova-plugin-file/www/fileSystems-roots.js",
            "id": "cordova-plugin-file.fileSystems-roots",
            "pluginId": "cordova-plugin-file",
            "runs": true
        },
        {
            "file": "plugins/cordova-plugin-file/www/fileSystemPaths.js",
            "id": "cordova-plugin-file.fileSystemPaths",
            "pluginId": "cordova-plugin-file",
            "merges": [
                "cordova"
            ],
            "runs": true
        },
        {
            "file": "plugins/cordova-plugin-file-transfer/www/FileTransferError.js",
            "id": "cordova-plugin-file-transfer.FileTransferError",
            "pluginId": "cordova-plugin-file-transfer",
            "clobbers": [
                "window.FileTransferError"
            ]
        },
        {
            "file": "plugins/cordova-plugin-file-transfer/www/FileTransfer.js",
            "id": "cordova-plugin-file-transfer.FileTransfer",
            "pluginId": "cordova-plugin-file-transfer",
            "clobbers": [
                "window.FileTransfer"
            ]
        },
        {
            "file": "plugins/cordova-plugin-zip/zip.js",
            "id": "cordova-plugin-zip.Zip",
            "pluginId": "cordova-plugin-zip",
            "clobbers": [
                "zip"
            ]
        },
        {
            "file": "plugins/cordova-plugin-dialogs/www/notification.js",
            "id": "cordova-plugin-dialogs.notification",
            "pluginId": "cordova-plugin-dialogs",
            "merges": [
                "navigator.notification"
            ]
        },
        {
            "file": "plugins/cordova-plugin-dialogs/www/android/notification.js",
            "id": "cordova-plugin-dialogs.notification_android",
            "pluginId": "cordova-plugin-dialogs",
            "merges": [
                "navigator.notification"
            ]
        }
    ],
    "plugin_metadata": {
        "cordova-plugin-console": "1.0.5",
        "cordova-plugin-device": "1.1.4",
        "cordova-plugin-splashscreen": "3.2.2",
        "cordova-plugin-statusbar": "2.1.3",
        "cordova-plugin-whitelist": "1.2.2",
        "ionic-plugin-keyboard": "2.2.1",
        "cordova-plugin-code-push": "1.9.2-beta",
        "code-push": "1.9.0-beta",
        "cordova-plugin-compat": "1.1.0",
        "cordova-plugin-file": "4.3.1",
        "cordova-plugin-file-transfer": "1.6.1",
        "cordova-plugin-zip": "3.1.0",
        "cordova-plugin-dialogs": "1.3.1"
    }
}